4.0,17.0,3.0,2127.996031746032,38811.857142857145,3847276.428571428,358080.0,4261071.142857143
2.0,8.0,5.0,354.1666666666667,23174.666666666668,4.687995066666667E7,861563.5,4.776468883333333E7
4.0,11.0,5.0,1414.611111111111,18026.5,1592324.5,256088.3333333333,1883265.1666666665
2.0,22.0,1.0,482.4347826086956,125668.4,9.5480593E7,1288813.4000000001,9.68950748E7
4.0,7.0,5.0,1213.6458333333333,15520.833333333334,492789.6666666666,83499.83333333333,606587.4999999999
1.0,23.0,4.0,1878.5364583333333,119107.25,3.1300427875E7,1.0294747875E7,4.1714283E7
5.0,22.0,5.0,511.6521739130435,66023.66666666666,2.69873005E7,1552477.8333333335,2.8605802E7
1.0,14.0,3.0,1313.9952380952382,90332.92857142858,1.9431918214285716E7,4703243.571428571,2.4225494714285716E7
5.0,2.0,3.0,1031.3333333333333,31070.000000000004,1381583.7857142857,68607.14285714287,1481260.9285714286
2.0,16.0,1.0,408.4823529411765,76207.59999999999,7.24679048E7,916824.6,7.3460937E7
4.0,0.0,3.0,1366.7142857142858,21750.64285714286,350657.35714285716,62395.357142857145,444757.85714285716
4.0,13.0,3.0,2286.8826530612246,31873.071428571428,2173161.6428571427,226044.7857142857,2445130.6428571427
2.0,3.0,3.0,394.19642857142856,15271.0,1.291068057142857E7,239301.2142857143,1.3165252785714285E7
4.0,18.0,5.0,1654.0964912280704,27615.83333333333,4808063.5,786232.5,5645541.833333333
1.0,17.0,5.0,1947.111111111111,87212.0,1.80999495E7,6376114.166666666,2.4563275666666668E7
1.0,0.0,2.0,842.9285714285714,33971.28571428572,1489617.142857143,332453.85714285716,1856042.2857142857
2.0,19.0,2.0,514.5857142857143,79920.0,8.38492175E7,1363351.3571428573,8.529248885714287E7
5.0,10.0,2.0,757.6623376623376,48683.28571428571,9191931.285714285,523260.5,9763875.07142857
4.0,2.0,4.0,1295.7916666666667,17991.25,529155.625,72797.625,633323.0
4.0,19.0,1.0,952.6,99794.20000000001,4177826.6,423979.8,4730040.8
5.0,11.0,1.0,885.2000000000002,49476.799999999996,7898210.0,655791.8,8603478.6
2.0,24.0,5.0,408.7569444444444,97199.0,9.906826583333334E7,1760567.1666666665,1.00926032E8
5.0,1.0,4.0,1136.5625,29730.875,921364.125,52543.625,1003638.625
1.0,8.0,3.0,1433.920634920635,76677.5,1.1844136857142858E7,2887327.4285714286,1.4808141785714285E7
5.0,4.0,1.0,983.68,37437.2,2788364.4,247085.4,3072887.0
4.0,17.0,1.0,955.8333333333334,87579.6,3507225.2,354567.0,3974399.8
1.0,10.0,4.0,2784.2045454545455,71236.75,1.4126159375E7,5046893.0,1.9244289125E7
2.0,4.0,4.0,417.525,26227.5,2.0113453E7,293313.0,2.04329935E7
2.0,17.0,5.0,395.7962962962963,58651.0,7.403822166666666E7,1363028.5,7.545990116666666E7
1.0,1.0,4.0,735.625,34407.0,3283840.75,854492.5,4172740.25
2.0,20.0,2.0,513.7789115646258,85289.71428571429,8.75331195E7,1416555.5714285716,8.903496478571428E7
2.0,14.0,3.0,624.842857142857,49579.21428571428,6.298918007142857E7,1311328.642857143,6.435008792857142E7
5.0,15.0,4.0,912.46875,52896.625,1.0934582E7,552096.875,1.15395755E7
5.0,19.0,5.0,513.1916666666666,61556.0,2.33452905E7,1323128.0,2.47299745E7
5.0,12.0,3.0,848.1758241758241,49305.5,9106176.57142857,402627.5,9558109.57142857
4.0,22.0,5.0,1738.7753623188407,32235.83333333333,6608110.333333334,1090137.6666666665,7757552.999999999
5.0,6.0,4.0,942.2321428571429,41272.75,4507145.75,241790.0,4790208.5
4.0,20.0,2.0,1355.5340136054422,56089.071428571435,5465972.714285715,551346.7142857143,6100958.857142858
5.0,10.0,3.0,826.3961038961038,47615.142857142855,8011787.0,350551.3571428571,8409953.5
5.0,14.0,2.0,767.5571428571428,54914.42857142857,1.2256357642857142E7,699597.0714285714,1.3010869142857142E7
5.0,1.0,5.0,700.9166666666666,24275.166666666668,1407676.8333333335,79696.33333333334,1511648.3333333335
2.0,19.0,1.0,475.71999999999997,91895.2,8.16971294E7,1129472.6,8.291849719999999E7
2.0,2.0,5.0,356.0,9179.0,8213980.333333334,166047.3333333333,8389206.666666668
2.0,9.0,1.0,362.5,34500.6,5.04281442E7,624318.8,5.1086963599999994E7
1.0,19.0,1.0,932.72,132264.8,2.98155848E7,8088101.6,3.80359512E7
2.0,8.0,3.0,701.7857142857142,23910.357142857145,4.229896807142857E7,806755.9285714286,4.312963435714286E7
5.0,21.0,3.0,827.1363636363636,62532.35714285715,1.6344277214285716E7,719084.9285714286,1.71258945E7
1.0,20.0,5.0,1831.0317460317463,97350.66666666666,2.1745371166666664E7,7353640.166666667,2.9196362E7
2.0,5.0,5.0,362.25,22168.5,2.6523544333333336E7,528599.0,2.7074311833333332E7
2.0,13.0,4.0,465.99107142857144,46967.125,5.756032825E7,803256.75,5.8410552125E7
5.0,8.0,5.0,523.1296296296297,45365.33333333333,1.0735122E7,614939.5,1.1395426833333332E7
4.0,23.0,3.0,2038.7083333333333,47644.857142857145,6244074.714285715,554548.5,6866272.714285715
5.0,19.0,2.0,772.5,63353.35714285714,1.62517355E7,927767.0,1.724285585714286E7
2.0,8.0,2.0,401.07936507936506,25584.714285714283,4.528036835714286E7,750709.7857142857,4.6056662857142866E7
1.0,12.0,2.0,1648.6593406593406,84732.5,1.7042885714285716E7,4295949.785714285,2.1423568E7
1.0,18.0,1.0,941.2315789473685,127934.4,2.84601716E7,7739701.4,3.63278074E7
5.0,20.0,4.0,919.2261904761905,59392.5,1.42054105E7,721507.875,1.4986310875E7
4.0,7.0,2.0,1217.5625,22507.714285714286,444653.5,73164.85714285714,550136.142857143
5.0,0.0,1.0,1085.4,28757.8,433959.2,48592.2,511309.2
1.0,22.0,3.0,1176.3105590062112,120040.71428571429,3.0710921285714287E7,7241252.642857144,3.8072214642857134E7
4.0,0.0,5.0,2050.5,15400.5,415677.8333333333,70316.33333333333,514999.3333333333
1.0,14.0,5.0,2122.9666666666667,75312.33333333334,1.44801145E7,5403764.666666666,1.99591915E7
5.0,21.0,1.0,870.1090909090908,71944.2,1.47589054E7,1233313.0,1.60641626E7
4.0,1.0,3.0,1531.1428571428573,23150.428571428572,414932.6428571429,97435.71428571429,545526.8571428572
4.0,2.0,3.0,2381.809523809524,23202.0,415874.2142857143,101921.14285714286,551802.2857142857
1.0,13.0,4.0,2574.25,78416.125,1.7364961625E7,6265569.0,2.370894675E7
4.0,11.0,3.0,2404.434523809524,28223.714285714286,1358922.8571428573,164502.7142857143,1564221.642857143
5.0,11.0,5.0,514.9722222222223,48352.666666666664,1.41109005E7,792854.1666666666,1.4952107333333332E7
1.0,10.0,2.0,1663.6298701298701,79536.14285714287,1.4722272714285715E7,3706475.0714285714,1.850828392857143E7
1.0,6.0,4.0,3120.910714285714,65633.875,9444092.125,3225987.625,1.2735713625E7
4.0,2.0,2.0,1115.6666666666667,22394.857142857145,444241.9285714286,73071.78571428572,549517.3571428572
1.0,5.0,4.0,3125.8958333333335,60311.75,8286598.375,2801103.375,1.11480135E7
5.0,17.0,4.0,912.3541666666666,55520.75,1.2293789375E7,623404.75,1.2972714875E7
5.0,1.0,2.0,940.0714285714287,30336.928571428572,1053603.3571428573,68172.42857142857,1152112.714285714
5.0,24.0,5.0,507.7013888888889,67579.0,2.7981532166666664E7,1609229.6666666667,2.9658340833333336E7
4.0,6.0,1.0,939.5714285714286,20214.000000000004,417142.99999999994,44028.99999999999,485386.0
4.0,9.0,2.0,1264.185714285714,24701.714285714286,804784.357142857,122401.78571428571,963038.8571428573
5.0,3.0,3.0,952.375,38294.5,2160867.214285714,107920.14285714287,2307081.8571428573
4.0,9.0,1.0,992.1,22715.000000000004,689479.3999999999,78463.4,795517.3999999999
1.0,15.0,1.0,974.8375,113985.20000000001,2.40111624E7,6590617.8,3.07157654E7
5.0,19.0,3.0,835.3357142857142,59419.00000000001,1.467186592857143E7,638703.4285714286,1.5369988357142858E7
1.0,18.0,3.0,1223.5,105488.28571428571,2.4995399714285716E7,5946551.857142856,3.104743985714286E7
5.0,24.0,2.0,757.6130952380951,70223.64285714286,1.944137935714286E7,1117799.142857143,2.062940214285714E7
4.0,16.0,2.0,1328.7436974789914,46516.0,3839366.857142857,405657.85714285716,4314006.285714286
4.0,22.0,1.0,964.4347826086956,116340.20000000001,5129584.4,542095.6,5821158.0
4.0,12.0,5.0,1459.5384615384614,19451.5,2068780.0,329706.0,2435857.833333333
1.0,12.0,1.0,1027.753846153846,96944.4,2.01594116E7,5606794.2,2.5863150199999996E7
2.0,2.0,1.0,378.93333333333334,14597.2,8629903.4,139832.6,8784333.2
4.0,7.0,3.0,2873.8214285714284,23283.5,416547.35714285716,103496.64285714287,554134.142857143
5.0,9.0,4.0,883.35,46310.25,7142256.625,363654.375,7552221.25
5.0,23.0,4.0,890.7552083333334,64353.0,1.6635223875E7,844965.125,1.7544542E7
2.0,5.0,2.0,407.97619047619054,24328.928571428572,2.6274035E7,456735.35714285716,2.6755099285714287E7
4.0,3.0,1.0,891.9,20080.600000000002,416727.8,43839.799999999996,484648.0
5.0,11.0,2.0,763.7440476190477,49981.35714285714,9860537.214285715,562288.5,1.047280707142857E7
5.0,13.0,4.0,915.4910714285714,49562.0,9553538.125,486791.0,1.0089891125E7
4.0,7.0,1.0,907.2750000000001,20232.4,417218.39999999997,44058.399999999994,485509.2
4.0,11.0,4.0,1534.34375,21312.75,1650495.0,192130.75,1879392.125
1.0,9.0,5.0,2267.25,63195.333333333336,9604286.0,4063129.666666667,1.3730611E7
4.0,4.0,2.0,1190.9142857142856,22479.07142857143,444519.1428571429,73141.71428571429,549949.5
4.0,24.0,4.0,1770.3697916666667,35219.0,7211952.875,875909.375,8151244.5
1.0,19.0,4.0,2072.4875,103609.625,2.5605580125E7,8721688.25,3.4430878E7
4.0,4.0,5.0,1407.9666666666667,15515.666666666668,492686.0,83493.5,606471.8333333333
1.0,17.0,3.0,1241.5158730158732,102535.21428571428,2.3583074E7,5630686.071428571,2.9316295285714284E7
2.0,9.0,3.0,671.45,24565.642857142855,4.659150978571428E7,1042878.8571428572,4.765895428571428E7
1.0,21.0,4.0,1964.3693181818182,110829.875,2.8551738375E7,9518462.375,3.8181030625E7
4.0,15.0,5.0,1577.5520833333333,23706.666666666664,3440901.1666666665,561609.8333333334,4047095.0
2.0,22.0,3.0,575.611801242236,98342.42857142858,9.72232662857143E7,1816942.0714285714,9.913855078571427E7
1.0,9.0,1.0,1095.7400000000002,89741.4,1.5715387E7,4360205.0,2.01653334E7
5.0,14.0,3.0,840.5904761904762,52312.785714285725,1.0731074500000002E7,471351.9285714285,1.1254739214285715E7
4.0,13.0,4.0,1559.982142857143,24143.0,2656639.5,300296.875,2998902.125
1.0,21.0,5.0,1803.378787878788,100553.83333333333,2.3046937166666664E7,7725802.333333334,3.087329333333333E7
1.0,8.0,4.0,2944.097222222222,69034.125,1.1874405875E7,4184033.125,1.6127473125E7
4.0,5.0,5.0,1323.6666666666667,15518.833333333334,492731.3333333333,83496.5,606523.6666666666
1.0,12.0,5.0,2271.371794871795,68189.5,1.2297176333333334E7,4809288.166666666,1.7174654E7
1.0,5.0,1.0,911.8666666666668,83376.79999999999,9527929.0,2560462.8,1.2171768600000001E7
2.0,12.0,5.0,358.01282051282055,34095.333333333336,5.9002725333333336E7,1083306.3333333333,6.0120127E7
2.0,3.0,2.0,420.94642857142856,17079.785714285714,1.3770900571428573E7,292960.64285714284,1.4080941E7
1.0,16.0,4.0,2301.0367647058824,92351.875,2.1332006125E7,7527077.375,2.8951435375E7
5.0,6.0,1.0,936.4571428571428,40276.799999999996,4178429.5999999996,367356.6,4586063.0
5.0,23.0,2.0,757.6130952380951,70223.64285714286,1.944137935714286E7,1117799.142857143,2.062940214285714E7
4.0,22.0,3.0,2038.6521739130435,46651.142857142855,5947469.071428572,520621.9285714286,6534397.642857144
5.0,11.0,4.0,916.7395833333334,47712.875,8210449.875,418009.5,8676172.25
2.0,16.0,5.0,390.04901960784315,53793.16666666667,7.079855683333334E7,1305414.6666666667,7.215776466666666E7
2.0,13.0,1.0,390.0,57430.399999999994,6.26596816E7,793619.8,6.35107318E7
5.0,23.0,1.0,852.1416666666665,76201.0,1.62202116E7,1343379.4,1.7639792E7
2.0,17.0,2.0,514.7579365079365,70027.64285714286,7.660671928571428E7,1239171.4285714286,7.791591835714287E7
4.0,4.0,4.0,1295.6,18021.5,529359.0,72812.375,633572.5
2.0,19.0,4.0,505.075,70351.375,7.5242736625E7,1127433.625,7.6440521625E7
4.0,20.0,3.0,2052.6360544217687,43423.0,5146039.5,450993.7142857143,5659023.785714285
2.0,14.0,2.0,515.3333333333334,54329.357142857145,6.54238175E7,1065787.4285714286,6.654393428571429E7
5.0,20.0,2.0,774.9557823129251,64833.21428571428,1.7007982E7,972661.7857142857,1.8045477E7
5.0,13.0,2.0,765.7551020408163,53058.35714285714,1.1441849785714285E7,655006.0,1.2149914142857142E7
2.0,14.0,4.0,474.1166666666667,52313.75,6.05265775E7,852421.5,6.143131275E7
5.0,8.0,3.0,816.8333333333334,45429.21428571429,6532890.5,292955.2857142857,6871275.0
1.0,12.0,3.0,1364.0164835164835,83037.42857142858,1.696265464285714E7,4145495.2142857146,2.1191187285714284E7
5.0,22.0,2.0,765.5093167701862,68631.78571428571,1.874935E7,1077398.2857142857,1.989538007142857E7
4.0,20.0,4.0,1668.6309523809523,32492.375,6016854.625,705588.5,6781215.625
1.0,7.0,2.0,1581.9107142857142,77710.21428571429,1.1043657857142858E7,2753388.2142857146,1.3874756285714285E7
5.0,2.0,2.0,940.1190476190476,31371.85714285714,1606367.2857142857,102608.5,1740347.6428571427
2.0,9.0,2.0,402.68571428571425,26326.142857142855,4.973491057142857E7,808170.5714285715,5.056940728571428E7
4.0,0.0,1.0,981.4,18552.0,345575.0,35487.2,402732.8
1.0,24.0,4.0,1878.5364583333333,119107.25,3.1300427875E7,1.0294747875E7,4.1714283E7
2.0,16.0,4.0,498.75735294117646,60104.375,6.6212975125E7,982719.375,6.7255798875E7
5.0,3.0,4.0,1061.46875,38612.5,2120457.0,124925.75,2283995.25
1.0,20.0,4.0,2013.767857142857,106664.875,2.702062925E7,9089305.5,3.6216599625E7
5.0,12.0,2.0,768.1318681318681,51467.85714285714,1.053980042857143E7,602261.0,1.1193529285714285E7
5.0,21.0,4.0,911.1704545454545,60891.875,1.5049016E7,768155.75,1.5878063625E7
2.0,13.0,5.0,377.55952380952385,39982.333333333336,6.1784457333333336E7,1137568.1666666665,6.296200783333333E7
4.0,10.0,1.0,986.6727272727275,29321.000000000004,1085925.6,111550.4,1232458.4
5.0,19.0,4.0,916.675,58108.375,1.35789805E7,689323.0,1.4326411875E7
4.0,23.0,2.0,1372.705357142857,62120.285714285725,6504113.357142857,653303.9999999999,7250047.285714287
1.0,24.0,2.0,1361.5208333333333,128151.42857142855,3.1317037785714284E7,7613013.142857142,3.905820235714286E7
1.0,7.0,5.0,2216.104166666667,61993.333333333336,7989264.0,3496759.166666667,1.15480165E7
4.0,19.0,3.0,2078.0642857142857,41755.142857142855,4707312.142857143,421999.64285714284,5189042.071428571
1.0,7.0,1.0,1105.3000000000002,88740.79999999999,1.2589174399999999E7,3471480.0,1.61493952E7
1.0,2.0,1.0,703.1333333333333,45515.6,4839147.399999999,1220401.8,6105064.8
4.0,6.0,2.0,1218.7551020408162,22501.785714285714,444614.9285714286,73160.92857142857,550087.5000000001
5.0,4.0,4.0,1009.475,39664.75,2913075.375,162946.5,3115686.625
4.0,9.0,4.0,1504.5625,18671.25,650610.75,84930.875,767985.375
4.0,10.0,3.0,2488.792207792208,26192.85714285714,950219.7857142859,136591.57142857142,1124817.8571428573
4.0,16.0,5.0,1604.4019607843136,25014.333333333332,3896043.5,637905.3333333334,4580751.0
4.0,21.0,5.0,1718.840909090909,31208.33333333333,6177092.166666668,1016218.3333333333,7250798.666666666
5.0,20.0,3.0,833.938775510204,60847.92857142858,1.5454943642857144E7,673411.0714285714,1.6189202642857146E7
2.0,15.0,4.0,480.15625,56491.625,6.3440258375E7,906141.25,6.440289125E7
4.0,6.0,5.0,1309.690476190476,15520.0,492757.6666666666,83499.0,606553.8333333333
4.0,21.0,3.0,2033.3474025974026,45095.57142857143,5564098.357142857,485213.35714285716,6113548.214285715
2.0,8.0,4.0,450.06944444444446,30892.0,4.339577475E7,599765.25,4.4026432E7
5.0,17.0,1.0,876.2888888888889,62907.799999999996,1.18759728E7,1006262.8,1.2945143399999999E7
1.0,1.0,2.0,873.2857142857142,39206.28571428572,2986607.4285714286,693394.9285714286,3719208.6428571427
2.0,10.0,2.0,429.39610389610385,28373.85714285714,5.365525907142857E7,861394.8571428573,5.454502778571428E7
4.0,14.0,1.0,965.4666666666667,63317.99999999999,2509359.8,251919.8,2841842.8
4.0,1.0,4.0,1548.625,17967.375,528335.125,72684.875,631199.875
1.0,0.0,4.0,727.75,31009.125,1626292.75,415465.875,2072767.75
2.0,18.0,2.0,513.6616541353383,74942.71428571429,8.03101685E7,1303506.5,8.168861771428572E7
4.0,5.0,4.0,1388.7708333333333,18027.375,529391.375,72815.875,633614.25
2.0,23.0,5.0,408.7569444444444,97199.0,9.906826583333334E7,1760567.1666666665,1.00926032E8
5.0,5.0,4.0,969.2708333333334,40574.875,3716141.5,203666.0,3960382.375
1.0,15.0,2.0,1544.7633928571427,97121.50000000001,2.0598892785714284E7,5127334.071428571,2.582334835714286E7
1.0,7.0,3.0,1424.669642857143,76374.57142857143,1.045526607142857E7,2535085.214285714,1.3066725857142858E7
2.0,6.0,5.0,359.92857142857144,22560.666666666668,3.28161445E7,635134.6666666667,3.3473839833333332E7
4.0,4.0,1.0,905.24,20141.000000000004,416899.39999999997,43910.799999999996,484951.19999999995
4.0,12.0,1.0,972.8923076923077,43998.2,1842238.2000000002,183356.4,2079465.6
4.0,17.0,4.0,1608.326388888889,29600.125,4620560.75,520319.75,5194833.25
4.0,15.0,4.0,1585.3203125,27270.75,3642996.125,408419.875,4100680.0
2.0,9.0,5.0,352.2166666666667,23865.333333333332,5.0301448333333336E7,918316.0,5.1243629666666664E7
2.0,6.0,1.0,360.1714285714285,32673.800000000003,3.4072988400000006E7,424489.4,3.45301516E7
2.0,17.0,3.0,604.4126984126983,63964.642857142855,7.45634937857143E7,1483857.5714285714,7.6111316E7
1.0,11.0,1.0,1050.0333333333335,93307.2,1.86996168E7,5199087.4,2.39920114E7
4.0,14.0,2.0,1312.5476190476188,40221.50000000001,3003113.3571428573,328001.0714285714,3390276.8571428573
2.0,6.0,4.0,443.55357142857144,30178.625,3.1332973875E7,449255.375,3.1812407875E7
4.0,3.0,5.0,1381.2083333333333,15513.0,492624.3333333333,83486.0,606399.6666666666
5.0,5.0,2.0,805.7023809523811,41514.0,4374717.714285715,265420.0,4681651.714285715
2.0,14.0,5.0,386.7222222222223,45730.333333333336,6.472308333333333E7,1193239.5,6.5962053166666664E7
1.0,22.0,4.0,1921.4402173913043,114445.875,3.0073682875E7,9953913.25,4.0142042E7
2.0,21.0,4.0,502.0056818181818,92218.625,8.3678234125E7,1246490.0,8.501694275E7
2.0,6.0,3.0,670.6632653061224,23155.714285714286,3.0429079714285716E7,545651.7857142857,3.0997887214285716E7
2.0,13.0,3.0,627.75,42580.21428571428,5.929542471428572E7,1254434.7142857143,6.0592439642857134E7
4.0,16.0,4.0,1600.139705882353,28378.125,4119651.5,466219.375,4637853.75
2.0,12.0,3.0,624.9285714285714,34889.92857142857,5.573258307142857E7,1196546.5,5.69640195E7
2.0,0.0,2.0,412.14285714285717,8506.642857142857,2712311.714285714,42424.28571428572,2763242.6428571427
4.0,12.0,3.0,2334.28021978022,30145.071428571428,1767590.642857143,193939.57142857142,2005035.785714286
1.0,3.0,1.0,851.6500000000001,71108.4,6193117.199999999,1633820.0,7898045.6
2.0,2.0,2.0,427.54761904761904,10951.07142857143,7806603.571428572,183915.5,8001470.142857142
2.0,0.0,4.0,484.0,6970.75,2681513.125,43043.5,2731527.375
2.0,10.0,4.0,438.8863636363636,33518.125,4.952195075E7,686859.125,5.0242328E7
2.0,5.0,3.0,592.8333333333334,22747.928571428572,2.468323892857143E7,436517.4285714285,2.5142504285714287E7
4.0,19.0,2.0,1345.9142857142856,53762.92857142858,5083506.214285715,514997.0,5678488.928571429
2.0,11.0,2.0,442.27380952380946,32279.85714285714,5.610238942857143E7,901020.4285714286,5.703568971428572E7
4.0,14.0,4.0,1575.2166666666667,25782.375,3141630.625,353770.0,3541107.375
5.0,24.0,3.0,812.4285714285714,65368.785714285725,1.7934889285714287E7,788034.9285714286,1.8788293E7
5.0,1.0,1.0,1071.1,31258.0,930630.4,91560.4,1053448.8
5.0,0.0,4.0,1154.375,27924.375,438150.5,26052.625,492127.5
2.0,10.0,5.0,350.90909090909093,25821.0,5.3652766E7,975540.8333333334,5.465412783333333E7
1.0,24.0,3.0,1170.4970238095239,123148.21428571429,3.1918697571428575E7,7525364.928571429,3.956721071428571E7
4.0,14.0,3.0,2237.5476190476193,33834.357142857145,2607463.2857142854,255455.7142857143,2911641.2857142854
1.0,23.0,1.0,923.0166666666668,149120.19999999998,3.56233264E7,9680620.0,4.5453066599999994E7
4.0,16.0,1.0,958.4117647058823,80943.79999999999,3169419.2,320410.4,3594015.2
4.0,24.0,3.0,2038.7083333333333,47644.857142857145,6244074.714285715,554548.5,6866272.714285715
5.0,8.0,2.0,743.6825396825396,47068.142857142855,7460153.071428572,433359.35714285704,7940580.571428571
5.0,21.0,2.0,770.642857142857,66850.35714285714,1.788585335714286E7,1029644.642857143,1.898234835714286E7
5.0,7.0,2.0,761.0267857142858,45885.28571428571,6408229.142857144,375870.2142857142,6829984.642857144
1.0,6.0,2.0,1218.1836734693877,76744.64285714287,1.0069945142857142E7,2463374.5,1.2610064285714285E7
4.0,21.0,2.0,1366.0194805194806,58455.64285714287,5843118.071428572,591008.9285714286,6521412.142857144
2.0,1.0,5.0,364.5,8364.833333333334,5558487.166666667,111646.83333333333,5678498.833333334
1.0,3.0,2.0,1074.7321428571427,64462.285714285725,5768630.642857143,1379702.214285714,7212795.142857142
5.0,20.0,5.0,515.3809523809524,62936.166666666664,2.44537935E7,1388147.3333333333,2.5904877E7
4.0,4.0,3.0,3522.271428571429,23263.0,416342.5714285714,103324.92857142858,553736.5
1.0,20.0,3.0,1192.5306122448983,112672.78571428572,2.7780093928571433E7,6557542.785714285,3.44503095E7
4.0,18.0,3.0,2104.229323308271,40206.21428571428,4268883.428571428,390897.0714285715,4717407.428571429
4.0,23.0,4.0,1770.3697916666667,35219.0,7211952.875,875909.375,8151244.5
2.0,15.0,1.0,405.3125,70921.59999999999,6.92305666E7,869882.2,7.01713704E7
4.0,10.0,4.0,1520.4204545454545,19858.75,1150751.0,138326.875,1323466.625
4.0,1.0,5.0,1904.5,15498.5,491660.0,83018.83333333333,603854.5
2.0,9.0,4.0,445.3875,31584.125,4.6503965625E7,643021.75,4.71785715E7
5.0,14.0,1.0,876.5066666666665,56415.399999999994,9898071.4,850637.8,1.0805124600000001E7
5.0,17.0,5.0,510.98148148148147,58308.16666666666,2.1023544833333336E7,1188888.0,2.2270741E7
1.0,4.0,3.0,1230.3285714285714,66857.5,6551940.0,1545624.7857142854,8164422.285714285
2.0,2.0,3.0,396.5238095238096,9627.928571428572,7430362.214285715,134656.0,7574646.142857142
5.0,14.0,5.0,510.26666666666665,53305.666666666664,1.7667438166666664E7,994229.6666666665,1.87149735E7
2.0,20.0,3.0,588.9829931972788,78068.78571428571,8.65389392857143E7,1666464.214285714,8.828347228571427E7
4.0,17.0,5.0,1629.111111111111,26248.666666666664,4348978.166666667,712609.5,5110482.333333333
5.0,13.0,1.0,880.8000000000001,53901.99999999999,9192442.0,776467.6,1.0022811600000001E7
4.0,0.0,2.0,1303.0,20836.64285714286,377002.64285714284,58249.07142857143,464456.28571428574
5.0,15.0,3.0,837.03125,53978.50000000001,1.1545312142857144E7,503870.14285714284,1.2103160785714287E7
1.0,16.0,3.0,1262.5252100840337,98944.5,2.2170462571428575E7,5318443.785714285,2.758785085714286E7
2.0,18.0,5.0,399.94736842105266,62968.5,7.736196616666666E7,1416664.0,7.884159866666666E7
4.0,24.0,5.0,1756.4791666666667,32863.5,6940120.5,1147704.0,8148243.666666666
1.0,8.0,1.0,1117.8222222222223,88916.4,1.4194097E7,3944457.6,1.8227471E7
5.0,7.0,4.0,908.046875,43086.5,5503605.75,286907.875,5833600.125
1.0,10.0,5.0,2370.242424242424,64189.333333333336,1.03004805E7,4271778.0,1.4636447833333334E7
1.0,9.0,3.0,1413.2857142857142,77479.42857142858,1.3194297857142858E7,3218100.7857142854,1.648987807142857E7
1.0,0.0,5.0,847.1666666666666,29629.666666666668,1431115.5,369287.0,1830032.1666666667
5.0,6.0,3.0,858.9489795918367,42356.642857142855,4648262.714285715,213498.28571428574,4904117.642857143
2.0,1.0,2.0,419.32142857142856,10010.714285714286,5299873.571428571,107346.14285714287,5417230.428571429
1.0,5.0,2.0,1155.9166666666667,73449.5,8721475.42857143,2109341.9285714286,1.0904266857142858E7
1.0,17.0,4.0,2217.4375,96948.75,2.27197745E7,7962739.75,3.0779463E7
5.0,24.0,1.0,852.1416666666665,76201.0,1.62202116E7,1343379.4,1.7639792E7
4.0,1.0,2.0,1283.607142857143,22320.428571428572,443422.14285714284,72780.71428571429,547401.0714285715
5.0,20.0,1.0,878.7238095238093,69271.79999999999,1.39077518E7,1158574.2,1.51355978E7
5.0,6.0,2.0,785.4591836734695,43847.92857142857,5316017.571428572,316730.2142857142,5676595.714285715
2.0,1.0,3.0,414.8928571428571,8726.714285714286,5006066.642857143,92912.07142857142,5107705.428571429
5.0,22.0,4.0,902.0163043478261,62549.125,1.5903985375E7,808422.75,1.677495725E7
2.0,16.0,2.0,513.6890756302521,65161.642857142855,7.296245278571428E7,1182279.8571428573,7.42098942857143E7
2.0,19.0,3.0,593.5392857142857,73187.64285714287,8.25615652857143E7,1605472.3571428573,8.424022528571427E7
5.0,8.0,1.0,872.4222222222223,44667.2,6045339.0,507490.6,6597496.8
2.0,4.0,1.0,365.24,29909.800000000003,2.14904598E7,284841.6,2.18052112E7
1.0,7.0,4.0,3027.859375,68486.75,1.0621809125E7,3692602.375,1.438289825E7
1.0,16.0,5.0,2002.7254901960782,83925.16666666667,1.6841812666666664E7,6035165.333333333,2.2960903166666668E7
1.0,4.0,2.0,1100.742857142857,67422.57142857143,7308823.285714285,1759557.5714285714,9135803.42857143
1.0,2.0,4.0,740.7083333333334,36535.25,4864262.125,1312666.0,6213463.375
5.0,3.0,1.0,1026.5,35809.6,2067210.2000000002,191583.8,2294603.5999999996
5.0,3.0,2.0,873.1785714285714,38573.07142857143,2515704.8571428573,162732.35714285716,2717010.2857142854
1.0,11.0,4.0,2705.6354166666665,73204.375,1.532042E7,5530406.125,2.09240305E7
5.0,15.0,1.0,873.8499999999999,58545.99999999999,1.057463E7,908532.6,1.15417086E7
2.0,12.0,4.0,451.72115384615387,41239.375,5.4599102875E7,759493.875,5.5399836125E7
5.0,12.0,1.0,885.4461538461538,51202.399999999994,8463916.6,714214.8,9229333.8
4.0,13.0,5.0,1502.2857142857142,20703.333333333332,2540596.0,406204.1666666667,2986307.833333333
1.0,14.0,1.0,991.6933333333333,108148.20000000001,2.27128328E7,6265545.0,2.9086526E7
1.0,21.0,2.0,1390.435064935065,121310.85714285714,2.8794090214285713E7,7000804.214285714,3.591620528571429E7
2.0,18.0,1.0,443.6842105263158,86583.19999999998,7.875111619999999E7,1051277.0,7.98889764E7
4.0,17.0,2.0,1335.8015873015875,49035.571428571435,4257659.714285715,442640.0,4773125.214285715
2.0,20.0,1.0,489.36190476190467,97867.4,8.4751085E7,1178471.8000000003,8.602742419999999E7
4.0,8.0,3.0,2712.7539682539687,23289.85714285714,416613.2142857143,103506.28571428571,554216.2142857143
4.0,13.0,1.0,968.6428571428571,53555.399999999994,2183088.8,216345.0,2466539.4
1.0,0.0,1.0,684.2,41377.6,1566333.2,393453.0,2001163.8
5.0,18.0,1.0,874.642105263158,64998.799999999996,1.2576354600000001E7,1057052.7999999998,1.36984062E7
4.0,3.0,3.0,3742.732142857143,23244.0,416198.2142857143,103038.5,553286.1428571428
2.0,10.0,1.0,367.29090909090905,36700.8,5.38738682E7,678236.6,5.4588805599999994E7
2.0,17.0,4.0,504.0416666666667,63495.625,6.913674275E7,1029387.625,7.0229626E7
1.0,17.0,2.0,1483.579365079365,105600.07142857145,2.336850285714286E7,5755753.285714285,2.9229856214285716E7
5.0,16.0,2.0,769.4411764705883,58628.42857142857,1.3875319214285715E7,789868.2857142857,1.472381592857143E7
4.0,7.0,4.0,1510.53125,18035.875,529436.375,72822.5,633674.625
1.0,22.0,5.0,1774.1159420289857,105755.0,2.44371515E7,8113772.500000001,3.2656679E7
5.0,0.0,3.0,1057.0714285714287,28558.14285714286,440940.78571428574,22810.14285714286,492309.0714285714
2.0,7.0,1.0,360.275,33071.4,4.05058926E7,499602.2,4.10385662E7
2.0,22.0,4.0,501.1141304347826,97973.5,8.87692185E7,1320103.125,9.0187295125E7
2.0,5.0,4.0,432.0,29591.125,2.5755051375E7,370342.25,2.615498475E7
1.0,13.0,1.0,1008.5428571428571,101174.6,2.12586034E7,5887358.4,2.72471364E7
2.0,24.0,3.0,570.3214285714286,101483.21428571429,1.0132882792857143E8,1875797.6428571427,1.0330610878571427E8
2.0,15.0,2.0,514.0446428571429,60249.357142857145,6.924700214285715E7,1121115.3571428573,7.042836685714287E7
5.0,21.0,5.0,513.689393939394,64506.83333333333,2.5749829666666668E7,1481831.0,2.72961675E7
4.0,10.0,5.0,1364.5757575757575,17050.166666666668,1115876.3333333335,179938.8333333333,1328911.6666666665
2.0,21.0,5.0,409.189393939394,88482.83333333333,8.952161966666666E7,1615552.8333333335,9.122565533333333E7
1.0,9.0,4.0,2849.875,70055.25,1.3042517625E7,4649062.5,1.7761635375E7
5.0,10.0,5.0,519.0151515151515,47589.33333333333,1.3004897166666666E7,733616.0,1.37861025E7
1.0,9.0,2.0,1649.15,78668.78571428572,1.3542815714285715E7,3401478.5,1.7022963E7
5.0,18.0,3.0,835.9248120300751,58159.50000000001,1.386367692857143E7,605331.1428571428,1.4527167571428573E7
1.0,8.0,5.0,2292.722222222222,62623.333333333336,8738246.833333334,3808379.3333333335,1.26092495E7
1.0,15.0,3.0,1287.7053571428573,94398.78571428571,2.0641293071428575E7,4979302.857142856,2.5714994714285716E7
1.0,19.0,5.0,1869.1083333333336,93598.0,2.04654105E7,7016720.5,2.7575729E7
4.0,12.0,2.0,1293.164835164835,33066.78571428571,2147678.5714285714,245464.35714285713,2440928.7857142854
4.0,14.0,5.0,1543.3777777777775,22061.833333333332,2983956.833333333,484587.16666666674,3510337.6666666665
2.0,7.0,3.0,717.2946428571428,23469.285714285714,3.638149864285714E7,650818.9285714286,3.705578685714286E7
2.0,4.0,5.0,363.96666666666664,19797.333333333336,2.0228396333333336E7,419212.0,2.0667405666666664E7
2.0,11.0,5.0,349.8333333333333,29051.333333333336,5.6358902833333336E7,1029524.0,5.741747816666667E7
4.0,15.0,3.0,2197.035714285714,35664.71428571429,3017851.5714285714,295055.64285714284,3364261.928571428
5.0,13.0,3.0,842.9438775510205,50713.785714285725,9930182.357142858,439666.5,1.0420562642857142E7
4.0,9.0,5.0,1300.85,16075.5,615989.6666666666,102187.33333333333,749517.4999999999
1.0,14.0,4.0,2492.9416666666666,82521.375,1.8590213625E7,6671106.0,2.5343841E7
2.0,17.0,1.0,414.0777777777778,81715.79999999999,7.574049719999999E7,979213.0,7.6801426E7
4.0,5.0,2.0,1207.25,22494.928571428572,444574.35714285716,73152.71428571429,550031.7857142858
1.0,23.0,5.0,1741.6250000000002,109339.66666666666,2.5642112333333332E7,8453499.166666668,3.4204951166666664E7
5.0,10.0,4.0,908.2954545454545,47008.375,7640913.75,388939.625,8076861.75
5.0,7.0,1.0,897.75,41548.2,5160628.0,443071.0,5645247.2
2.0,24.0,4.0,503.3958333333333,100681.125,9.25549925E7,1372109.625,9.402778325E7
2.0,23.0,4.0,503.3958333333333,100681.125,9.25549925E7,1372109.625,9.402778325E7
1.0,4.0,4.0,2524.55,56938.875,7078519.5,2301935.875,9437394.25
1.0,23.0,3.0,1170.4970238095239,123148.21428571429,3.1918697571428575E7,7525364.928571429,3.956721071428571E7
5.0,3.0,5.0,662.2083333333334,34393.166666666664,3249937.833333333,202387.3333333333,3486718.333333333
1.0,22.0,2.0,1375.1521739130435,124928.57142857142,3.02139175E7,7344919.928571427,3.7683766E7
5.0,24.0,4.0,890.7552083333334,64353.0,1.6635223875E7,844965.125,1.7544542E7
5.0,2.0,4.0,1144.25,30484.5,1378130.0,78181.5,1486796.0
1.0,2.0,3.0,908.7142857142857,41163.357142857145,4156641.2142857146,934822.1428571427,5132626.714285715
1.0,19.0,2.0,1433.189285714286,113414.14285714287,2.6000850285714284E7,6348942.642857142,3.2463207071428575E7
4.0,3.0,4.0,1322.625,18010.625,529290.75,72807.125,633488.0
5.0,5.0,5.0,585.6666666666666,39080.166666666664,5909955.833333333,343489.8333333333,6292525.833333333
2.0,5.0,1.0,361.8,32247.800000000003,2.7855883400000002E7,356612.8,2.8244744E7
1.0,11.0,5.0,2324.777777777778,65956.5,1.1278763833333334E7,4536672.5,1.5881392833333334E7
1.0,6.0,5.0,1561.0952380952383,57281.5,7522748.833333334,3231040.666666667,1.0811071E7
5.0,6.0,5.0,562.2619047619048,39356.166666666664,7263052.166666666,423511.8333333333,7725920.166666666
4.0,20.0,1.0,953.2190476190475,105647.2,4506685.2,465276.2,5107757.4
1.0,0.0,3.0,950.0714285714286,34291.857142857145,1366783.2142857143,286644.0714285714,1687719.142857143
2.0,18.0,3.0,597.8082706766917,68531.85714285714,7.856701835714287E7,1544463.4285714286,8.018001364285713E7
1.0,1.0,1.0,701.7,44038.0,3200558.5999999996,812456.4,4057053.0
1.0,13.0,2.0,1613.107142857143,87710.14285714287,1.806052614285714E7,4541141.571428571,2.268937785714286E7
5.0,18.0,4.0,914.4671052631579,56668.875,1.294262875E7,656235.75,1.3655533375E7
2.0,21.0,3.0,582.2727272727273,91714.85714285714,9.195675071428573E7,1742010.714285714,9.379047628571427E7
4.0,8.0,2.0,1249.857142857143,23142.428571428572,583841.1428571428,98420.71428571429,715769.5000000001
4.0,8.0,4.0,1484.361111111111,18039.25,529473.125,72824.375,633716.875
4.0,8.0,5.0,1223.0185185185185,15522.5,492823.1666666666,83501.83333333333,606625.1666666665
1.0,13.0,5.0,2196.0119047619046,71004.0,1.32580225E7,5074581.666666666,1.8403608166666668E7
4.0,13.0,2.0,1301.8163265306123,36630.071428571435,2588783.6428571427,287357.21428571426,2929589.3571428573
2.0,15.0,3.0,614.9642857142857,55118.142857142855,6.706450557142857E7,1372309.4285714286,6.849193314285713E7
2.0,14.0,1.0,404.0933333333333,64755.59999999999,6.58548192E7,830955.3999999999,6.67505302E7
1.0,24.0,1.0,923.0166666666668,149120.19999999998,3.56233264E7,9680620.0,4.5453066599999994E7
2.0,7.0,2.0,401.7767857142857,25116.214285714283,3.9018358571428575E7,641397.7142857143,3.96848725E7
4.0,18.0,1.0,954.2736842105263,93599.4,3834955.2,389884.2,4345145.8
1.0,18.0,4.0,2141.5065789473683,100341.125,2.417982975E7,8349012.875,3.262918375E7
1.0,14.0,2.0,1575.6714285714286,92378.71428571429,1.94183685E7,4856997.214285715,2.436774442857143E7
4.0,1.0,1.0,921.0999999999999,19631.4,414360.6,42979.0,480107.19999999995
2.0,3.0,1.0,371.5,22378.199999999997,1.5027205600000001E7,212242.6,1.5261826399999999E7
5.0,14.0,4.0,914.8,51133.125,1.022887075E7,518919.75,1.0798923625E7
1.0,11.0,3.0,1393.297619047619,79876.14285714287,1.5705765785714285E7,3836210.785714286,1.9621852714285716E7
4.0,20.0,5.0,1697.5396825396826,29794.999999999996,5719849.333333334,941457.1666666667,6716315.5
1.0,21.0,1.0,922.7909090909092,141485.0,3.28669276E7,8916564.8,4.19249774E7
5.0,12.0,4.0,918.2692307692307,48431.75,8844273.375,449724.75,9342429.875
1.0,22.0,1.0,923.0260869565218,145460.8,3.43575422E7,9339108.6,4.38421116E7
1.0,13.0,3.0,1335.6020408163265,86197.85714285713,1.8085646285714287E7,4400961.857142857,2.2572806E7
1.0,1.0,3.0,927.3214285714286,39168.71428571429,2758547.5714285714,612618.2857142857,3410334.571428572
2.0,21.0,2.0,509.90584415584414,99923.78571428572,9.2776948E7,1481129.5,9.435800128571428E7
5.0,17.0,2.0,769.6388888888889,60298.28571428572,1.4673924642857142E7,837110.0,1.557133292857143E7
1.0,3.0,5.0,1210.6666666666667,53534.66666666667,4731198.5,1722644.3333333335,6507377.500000001
4.0,23.0,1.0,963.1166666666668,119854.4,5381475.2,570605.3999999999,6105858.0
5.0,16.0,5.0,510.4901960784313,56808.83333333333,1.98923315E7,1119901.5,2.1069041833333336E7
1.0,8.0,2.0,1643.920634920635,78006.0,1.22864715E7,3091697.9285714286,1.545617542857143E7
1.0,20.0,2.0,1409.2517006802723,117598.57142857143,2.735347685714286E7,6650610.0,3.412168542857143E7
2.0,3.0,5.0,364.0833333333333,14107.166666666668,1.3987864000000002E7,306022.6666666667,1.4307993833333334E7
2.0,23.0,2.0,506.02380952380946,109050.42857142857,1.01146608E8,1585007.3571428573,1.028406657857143E8
5.0,4.0,5.0,617.8333333333334,38123.166666666664,4562590.333333333,267976.3333333333,4868689.833333333
5.0,9.0,5.0,517.6,46582.83333333333,1.2025148833333332E7,681241.8333333333,1.27529735E7
2.0,0.0,1.0,411.8,11491.6,2887823.6,49818.8,2949134.0
5.0,2.0,1.0,1080.9333333333334,32406.8,1394945.6,134242.0,1561594.4
4.0,24.0,1.0,963.1166666666668,119854.4,5381475.2,570605.3999999999,6105858.0
1.0,20.0,1.0,923.6666666666666,137590.8,3.1367543799999997E7,8484383.4,3.9989518E7
5.0,9.0,2.0,743.8928571428571,47845.92857142857,8360851.142857144,480908.85714285704,8889605.92857143
2.0,2.0,4.0,414.1666666666667,9598.25,7929676.875,122941.0,8062216.125
4.0,0.0,4.0,1630.25,17856.5,454580.375,63468.25,548072.875
4.0,21.0,1.0,966.7636363636365,111109.6,4813776.4,508345.39999999997,5465041.199999999
4.0,18.0,2.0,1339.8045112781954,51444.785714285725,4680600.357142857,478520.42857142864,5235577.928571429
5.0,7.0,3.0,834.7142857142858,43546.428571428565,5597615.785714285,254489.7142857143,5895651.928571429
2.0,20.0,5.0,408.23809523809524,71446.5,8.412048833333333E7,1526235.1666666667,8.571817E7
5.0,0.0,2.0,962.2857142857143,28409.285714285714,495299.28571428574,32565.85714285714,556274.4285714285
1.0,5.0,3.0,1225.7619047619048,72568.5,8046843.142857143,1897675.9285714284,1.001708757142857E7
5.0,16.0,3.0,836.9411764705883,55473.21428571429,1.2305653357142858E7,537200.7142857143,1.2898327285714287E7
2.0,22.0,2.0,508.4068322981366,105951.71428571429,9.757420128571427E7,1539973.5,9.92201265E7
2.0,24.0,2.0,506.02380952380946,109050.42857142857,1.01146608E8,1585007.3571428573,1.028406657857143E8
5.0,18.0,5.0,512.0263157894736,59831.66666666666,2.2181626333333336E7,1257155.5,2.34986135E7
4.0,21.0,4.0,1688.4318181818182,33670.75,6474147.125,767165.375,7302086.5
2.0,20.0,4.0,504.17857142857144,74061.0,7.82284855E7,1172434.0,7.94749805E7
4.0,3.0,2.0,1130.9107142857144,22455.64285714286,444436.78571428574,73128.71428571429,549830.4285714286
1.0,10.0,1.0,1073.6727272727273,91358.4,1.7188056E7,4788361.2,2.2067775599999998E7
2.0,21.0,1.0,486.7181818181818,118225.4,9.01610784E7,1238520.0,9.15178238E7
2.0,10.0,3.0,651.7532467532467,26524.357142857145,5.086276964285715E7,1113702.0714285714,5.200299607142857E7
2.0,24.0,1.0,478.4583333333333,129334.6,9.9708693E7,1327773.8,1.011658014E8
5.0,5.0,1.0,963.9333333333334,38704.399999999994,3451171.1999999997,305581.6,3795457.2
5.0,17.0,3.0,837.1825396825396,56857.92857142858,1.3061391E7,572185.6428571428,1.3690434571428573E7
5.0,2.0,5.0,706.6666666666666,25338.0,2125691.0,119922.5,2270951.5
2.0,4.0,3.0,390.9142857142857,21290.785714285714,1.897389757142857E7,337817.14285714284,1.93330055E7
5.0,7.0,5.0,540.5208333333334,41319.83333333333,9029611.5,518380.5,9589311.833333332
4.0,23.0,5.0,1756.4791666666667,32863.5,6940120.5,1147704.0,8148243.666666666
4.0,19.0,4.0,1648.6125,31404.625,5557962.5,643221.75,6258117.75
5.0,16.0,4.0,912.1985294117648,54334.125,1.1625786E7,588874.25,1.2268994375E7
4.0,12.0,4.0,1545.4807692307693,22954.125,2156374.75,244537.875,2440223.75
4.0,24.0,2.0,1372.705357142857,62120.285714285725,6504113.357142857,653303.9999999999,7250047.285714287
5.0,22.0,1.0,861.7652173913043,74205.4,1.55576756E7,1290568.8,1.69224498E7
4.0,8.0,1.0,1004.6444444444444,20663.000000000004,511033.19999999995,59351.59999999999,595423.6
4.0,19.0,5.0,1679.2166666666667,28657.499999999996,5253217.5,863820.5,6170091.0
1.0,17.0,1.0,946.7111111111111,124019.2,2.70709056E7,7379245.8,3.4574170599999994E7
4.0,9.0,3.0,2589.1785714285716,24115.071428571428,521358.5,110046.14285714284,666598.5714285714
5.0,16.0,1.0,875.0117647058823,60788.59999999999,1.1216276600000001E7,958373.2,1.2235438399999999E7
5.0,18.0,2.0,770.1203007518797,61823.64285714286,1.548336357142857E7,883100.0714285714,1.6428287285714287E7
5.0,4.0,2.0,833.9571428571428,39757.21428571428,3442666.9285714286,213899.0,3696323.1428571427
1.0,16.0,2.0,1515.5840336134454,101940.92857142858,2.199256735714286E7,5445408.428571428,2.7539916714285716E7
2.0,1.0,4.0,438.25,8698.375,5355454.125,83399.75,5447552.25
1.0,2.0,2.0,871.0714285714284,41072.64285714286,4518646.857142857,1050889.5714285714,5610609.071428571
4.0,2.0,5.0,1459.2777777777776,15506.666666666666,492492.8333333333,83478.0,606252.3333333334
1.0,16.0,1.0,960.4235294117648,119357.6,2.55487784E7,6994136.4,3.26622724E7
2.0,7.0,4.0,448.921875,30525.875,3.7351712125E7,525680.375,3.7907918375E7
2.0,13.0,2.0,510.73979591836735,46595.71428571428,6.1779844E7,1014474.142857143,6.2840913857142866E7
4.0,11.0,1.0,980.0500000000001,35974.0,1478460.0000000002,148139.0,1669789.6
2.0,16.0,3.0,607.9453781512605,59553.71428571428,7.08977535E7,1429052.3571428573,7.238635957142857E7
1.0,19.0,3.0,1208.264285714286,109100.42857142858,2.6380471E7,6252410.857142856,3.2741982285714284E7
1.0,15.0,4.0,2388.4140625,87543.875,1.9839191375E7,7064521.125,2.6991256375E7
5.0,1.0,3.0,1039.2857142857142,30251.785714285717,917216.2857142857,45955.571428571435,993423.6428571428
2.0,19.0,5.0,405.375,67041.66666666666,8.0684026E7,1470915.6666666667,8.222198333333333E7
2.0,8.0,1.0,360.6,33557.6,4.68452682E7,567877.8,4.7446703599999994E7
2.0,12.0,1.0,382.36923076923074,48922.399999999994,5.92482344E7,755494.8,6.0052651599999994E7
5.0,9.0,3.0,814.0428571428572,46698.857142857145,7325884.642857143,324069.9285714285,7696653.428571428
4.0,5.0,1.0,959.5666666666666,20183.400000000005,417037.39999999997,43984.799999999996,485205.6
1.0,3.0,4.0,1690.84375,55331.5,5968191.375,1861446.875,7884969.75
2.0,1.0,1.0,401.0,13195.800000000001,5730980.4,103808.8,5847985.0
1.0,21.0,3.0,1183.4285714285716,116242.50000000001,2.920414464285714E7,6891159.714285715,3.621154685714285E7
1.0,23.0,2.0,1361.5208333333333,128151.42857142855,3.1317037785714284E7,7613013.142857142,3.905820235714286E7
1.0,4.0,1.0,884.5600000000001,73545.59999999999,7854179.6,2118905.0,1.0046630200000001E7
5.0,22.0,3.0,820.555900621118,64017.21428571429,1.720880492857143E7,755361.5714285714,1.8028183714285716E7
4.0,22.0,2.0,1370.195652173913,60721.64285714287,6222886.571428572,627616.6428571428,6941183.0
4.0,2.0,1.0,832.6666666666666,19863.600000000002,415986.39999999997,43443.2,483292.6
2.0,23.0,3.0,570.3214285714286,101483.21428571429,1.0132882792857143E8,1875797.6428571427,1.0330610878571427E8
5.0,15.0,2.0,768.2946428571429,56801.5,1.3076443714285715E7,744896.9285714286,1.3878142142857142E7
4.0,11.0,2.0,1287.029761904762,29937.928571428572,1705864.5714285714,204914.64285714284,1953875.2857142857
1.0,6.0,1.0,936.4857142857144,87974.79999999999,1.11424542E7,3029190.6,1.4259619600000001E7
2.0,7.0,5.0,356.22916666666663,22841.833333333336,3.997749766666667E7,750692.1666666667,4.0751031666666664E7
2.0,6.0,2.0,404.7040816326531,24715.285714285714,3.247913114285714E7,543108.5714285714,3.3046955000000004E7
4.0,6.0,3.0,3077.663265306123,23279.214285714286,416497.35714285716,103478.21428571429,554061.2857142858
1.0,18.0,5.0,1907.9385964912283,90461.33333333334,1.9281178333333332E7,6698549.666666666,2.6070189333333336E7
1.0,24.0,5.0,1741.6250000000002,109339.66666666666,2.5642112333333332E7,8453499.166666668,3.4204951166666664E7
2.0,4.0,2.0,413.0142857142857,22462.928571428572,2.003569664285714E7,375446.5,2.0433606071428575E7
2.0,15.0,5.0,388.47916666666663,50123.66666666667,6.780816433333333E7,1250268.8333333335,6.910855683333333E7
4.0,5.0,3.0,3257.0595238095243,23272.714285714286,416439.5714285714,103409.5,553927.9285714286
2.0,11.0,4.0,436.0208333333333,36513.0,5.2121669875E7,723597.375,5.288178025E7
1.0,4.0,5.0,1280.8333333333333,55118.5,5641225.333333334,2415013.0,8111356.833333334
2.0,0.0,3.0,453.7142857142857,7206.928571428572,2528487.0714285714,47770.57142857143,2583464.5714285714
5.0,0.0,5.0,711.1666666666666,23404.666666666668,665363.3333333334,38117.5,726885.5
4.0,15.0,2.0,1321.080357142857,43667.28571428572,3423139.214285714,366616.7857142857,3854328.7142857146
1.0,5.0,5.0,1355.8333333333333,55905.833333333336,6738637.5,2820034.5,9614577.833333334
4.0,10.0,2.0,1278.9285714285713,27422.5,1257976.2857142857,163226.35714285713,1460682.5
1.0,11.0,2.0,1671.5178571428569,81294.14285714287,1.5867399214285715E7,3999233.1428571427,1.99479265E7
4.0,6.0,4.0,1440.2142857142858,18033.25,529414.875,72819.125,633647.0
5.0,19.0,1.0,876.0200000000001,67032.4,1.3259611600000001E7,1108811.4,1.4435455399999999E7
5.0,9.0,1.0,871.0200000000001,46853.6,6729696.800000001,559282.2,7335832.6
5.0,12.0,5.0,512.7564102564103,49465.33333333333,1.5228628333333332E7,852890.1666666666,1.6130983833333332E7
2.0,22.0,5.0,409.03623188405794,94471.0,9.49618735E7,1699608.3333333335,9.675595283333334E7
2.0,23.0,1.0,478.4583333333333,129334.6,9.9708693E7,1327773.8,1.011658014E8
2.0,12.0,2.0,493.75824175824175,38076.928571428565,5.833016907142857E7,956803.5714285715,5.932504957142857E7
5.0,23.0,3.0,812.4285714285714,65368.785714285725,1.7934889285714287E7,788034.9285714286,1.8788293E7
5.0,4.0,3.0,907.8428571428573,38994.5,2991849.2857142854,144057.2857142857,3174901.0714285714
5.0,5.0,3.0,878.4047619047619,40322.14285714286,3821723.1428571427,179952.2857142857,4041997.571428571
4.0,15.0,1.0,961.3875,72788.0,2840800.4000000004,286555.39999999997,3220790.8
1.0,18.0,2.0,1458.0263157894738,109281.42857142858,2.470473214285714E7,6057475.5,3.0871489071428575E7
5.0,8.0,4.0,881.9166666666666,45206.0,6478440.125,331922.75,6855568.875
5.0,15.0,5.0,509.44791666666663,55159.66666666666,1.8812109666666664E7,1055431.5,1.9922700833333336E7
4.0,22.0,4.0,1717.8369565217392,34567.375,6892484.75,827420.5,7782187.625
5.0,13.0,5.0,510.75,51125.33333333333,1.64936525E7,930952.4999999999,1.7475730333333332E7
1.0,10.0,3.0,1407.7662337662337,78282.57142857142,1.4463816285714285E7,3527150.9285714286,1.8069249785714284E7
1.0,15.0,5.0,2058.958333333333,79815.66666666667,1.5583322E7,5694771.166666666,2.1357908833333336E7
4.0,16.0,3.0,2159.4495798319326,37256.0,3436149.6428571427,329421.64285714284,3819155.7142857146
1.0,12.0,4.0,2657.201923076923,75593.625,1.6438923875E7,5930346.0,2.24448635E7
1.0,3.0,3.0,1122.9107142857142,64504.357142857145,5284252.714285715,1225451.9285714286,6574209.0
4.0,18.0,4.0,1620.8223684210527,30576.375,5106444.375,578674.5,5740666.625
5.0,11.0,3.0,837.625,48308.21428571429,8559648.214285715,376697.9285714285,8984654.357142858
5.0,23.0,5.0,507.7013888888889,67579.0,2.7981532166666664E7,1609229.6666666667,2.9658340833333336E7
1.0,2.0,5.0,1004.6111111111112,33682.66666666667,4012560.666666667,1072153.0,5118396.333333334
2.0,0.0,5.0,387.1666666666667,6750.0,2819560.3333333335,56479.666666666664,2882790.0
2.0,11.0,1.0,371.88333333333327,41343.799999999996,5.66343302E7,720132.0,5.7395806E7
2.0,11.0,3.0,633.5714285714286,29787.285714285717,5.332642292857143E7,1154661.285714286,5.45108715E7
2.0,3.0,4.0,415.15625,15349.25,1.3959173E7,207003.75,1.4181526E7
5.0,10.0,1.0,884.6363636363636,48543.6,7302938.0,608366.8,7959848.4
1.0,6.0,3.0,1309.8163265306123,74573.21428571429,9296330.357142858,2226028.928571428,1.15969325E7
1.0,1.0,5.0,1009.9166666666667,31834.666666666668,2673227.0,700805.6666666667,3405867.3333333335
2.0,18.0,4.0,505.55263157894734,66929.75,7.221474975E7,1078809.375,7.3360488875E7
